ID,VAL,SIN,COS
1,0.1,0.0998334166,0.9950041653
2,0.2,0.1986693308,0.9800665778
3,0.3,0.2955202067,0.9553364891
4,0.4,0.3894183423,0.921060994
5,0.5,0.4794255386,0.8775825619
6,0.6,0.5646424734,0.8253356149
7,0.7,0.6442176872,0.7648421873
8,0.8,0.7173560909,0.6967067093
9,0.9,0.7833269096,0.6216099683
10,1,0.8414709848,0.5403023059
11,1.1,0.8912073601,0.4535961214
12,1.2,0.932039086,0.3623577545
