Random	Sin	Round
0.7776375704	0.701597975	1
0.9488405858	0.8127405466	1
0.0872598421	0.0871491474	0
0.8316503335	0.7390441358	1
0.6929189425	0.6387856901	1
0.8660304716	0.7617632647	1
0.0538221316	0.0537961498	0
0.3301514743	0.3241863258	0
0.9186377213	0.7947755862	1
0.3774504524	0.3685515918	0
0.4509202929	0.4357940249	0
0.1153519091	0.1150962659	0
0.5893921542	0.5558558364	1
